id,monthly_revenue
4465400,3532.6785
608629349064811166,1282.0743
981894508939312892,1655.9382
52014961,1617.4581
836285112356489303,1470.1912
729730483477613494,1665.9078
944215862491317970,1528.2706
903006033557171147,1272.8419
564880673945279487,2525.725
764443008812380227,1921.0889
1011226885622723129,1474.0984
13111653,1541.8201
4075378,1320.493
840731158280306977,1932.5139
628492950660821905,1519.9897
18829637,1623.4843
9074376,3020.4575
1023654063534177793,1777.2454
32186644,1664.4529
51517972,1400.7025
930044757866918155,2214.4097
47730733,1524.1259
644832400238584702,1363.5647
563811005512806585,1467.7795
946658103976441380,1394.981
641935676868138681,1624.3977
36575124,1754.1521
10992078,1734.4655
792767566503426938,2475.5095
28374232,1453.8871
903719953366256795,1676.5587
40448057,2809.479
21100013,1418.2637
38131507,1533.9958
3742414,1817.4576
41269818,1632.3867
51659675,1891.1168
711026764081424364,1613.3358
34312548,2436.3127
12156919,1983.2827
22943194,1756.4982
641286360676071042,1686.1033
841410712756779955,1257.4148
46585029,1510.1825
11242550,1372.9729
28364428,1897.2362
633435043601003244,1467.4305
19434101,1697.4941
919835952050197567,3297.3801
46101575,1596.5754
943608459019031145,1604.9083
51657992,1582.3607
932459421467233660,1256.8367
52799181,1578.2443
29998069,1593.9475
36324641,1729.6326
35939545,1725.3308
717551955250963710,1767.373
29214094,1728.415
996726509410904870,1496.6276
53514361,1485.9109
17703644,1654.9762
48258797,1951.8369
1016326008395573822,1753.0522
54267773,1562.213
34180296,1541.5012
17497419,2947.7234
1010953851934743611,1249.4247
979911523694843918,1514.7911
1037980108699410965,1561.2493
53741351,2667.0083
923533539114172105,1751.9059
53223007,1575.7946
969545323180749749,1375.1418
30204180,2785.6165
38880792,1791.7279
811650296544480046,1283.4783
39205913,1646.8542
917042757640231846,1539.4664
591501265133490901,1517.4501
706517007757035755,1688.4974
4256725,1783.7415
1030539740098574302,1444.0826
853117164964826858,2582.1255
39894314,1698.4716
30464949,1540.9382
792883005062628538,1440.408
47920470,1923.8833
22102093,1259.6001
16243231,1317.8069
908213423748310861,1629.0939
914167814583406410,1315.1084
656093243302306911,1970.4775
1031887036489081599,2508.8997
883766409415372796,1446.9236
944225705256990863,2998.9463
45237387,1480.9252
824951093312674964,1561.4849
685477917083219830,1941.5444
941442136067315095,2409.852
787674726735576470,1310.924
654546537869049186,2812.6785
611121379258353622,1791.4545
924773797588718230,1778.2854
959579294765184094,1412.3931
34655839,1492.891
11393844,2537.3584
908270876253804815,3241.283
983323697917070885,1612.7131
969146111815050827,1204.4417
42591398,1318.8735
38324966,1859.677
619599861618191200,1966.2981
806270279530380112,2384.232
688544334661194671,1527.895
13617271,2798.6514
29736759,1450.3766
44269319,1700.9547
25314294,1617.2985
12245225,1337.2396
46215685,1836.337
36841352,1489.9692
634854307981905605,1699.7871
994904719094409277,2497.6213
686907478188369765,1596.4918
956226912381732798,1921.4127
22326190,2605.964
955171759960993588,1269.3391
800970191867596004,2820.827
905407437025820797,1773.909
732724971469976884,1429.5687
713271,1377.086
702366281800944724,2364.857
939503106846943236,1274.3679
927692108400643914,1579.6632
985167961387919079,1734.2527
196722,1926.4493
1026860427303774188,1473.6814
624723728831681250,1451.0698
13996470,1501.2083
645380488250317455,2160.704
704265965203455871,1767.1501
857547425681870506,2875.4888
916904518849278671,1696.5016
49924638,1866.8539
713925697989494857,2392.5085
50704191,1576.529
26047,1329.6383
1291394,1842.9042
41723288,1539.172
22692270,1617.8553
906613439128557258,1710.862
917662077646663730,2368.0686
53612566,1686.9613
757429830415010252,2038.0552
7804061,1474.8676
18812413,2660.868
655709011871500958,2949.9963
498112,3062.232
816757366853117057,2683.4517
916108130169742809,1798.7231
1021818741561711720,1255.326
750296793958003198,1535.5332
1015935,1438.4901
23172118,1697.8735
896692070449107148,2711.5713
3130486,1305.2262
640593750402489550,1841.8457
31039997,1525.4918
892602680656699069,1874.698
980871365948717515,2542.3994
684585572455552764,1751.0911
18993540,1757.265
686132301906727786,2717.6414
27880864,1997.1635
648571715106497356,1656.6738
22551920,1476.8136
48960147,1521.3041
43140470,1331.6768
1020452280405309693,1293.6045
52740070,1629.7114
1020934462740230479,1640.6873
1223989,1549.1356
970485241341974364,2376.147
847398646238437144,2182.1602
944911393949960465,1419.3011
912925970585391192,2642.1675
39560367,1793.5204
29187281,1512.5623
640471776476857550,1486.683
33041847,1866.9637
34339291,1764.0869
929357162785899439,1516.2627
6732143,2324.0837
4120301,1826.8066
35806049,1395.0013
591513009241652117,1431.8502
40089922,1296.1073
34045168,1621.3527
24946452,1399.49
23413748,1427.459
754269133259938444,1726.9111
751408343328701645,1508.367
4787924,1607.0809
24253909,1248.6915
929028648638965571,1653.9939
53172196,1663.726
983273645789371192,1439.3146
46995034,1472.5565
39424317,3335.154
28760438,1845.5272
41884019,2603.7798
899424111651588086,1615.4695
679267569821552445,1666.4662
968107664754833716,2028.1361
777679941260560186,1379.173
648655367951170235,1507.2211
1006532730540936312,1505.4117
1014756736136699481,1264.6855
848026711345020633,1733.5878
961511526033300153,1717.4915
1011153096655491988,1790.4576
859577678298563830,1394.5878
702876444293572136,2296.672
965152970102994187,1765.6044
749710220230060023,1355.7289
819526666335812869,2832.2822
992780875974912327,2385.6711
24474689,1987.4604
73841,1429.6233
575500580463866352,1649.1514
47428119,1733.559
962440152949000270,1773.4218
31317042,3024.104
42457349,3061.5679
46340428,2262.5999
807956993753714062,1204.4868
755903457080295553,2377.7483
20698187,1451.2655
872368827432465536,1291.1053
1024113865791624446,1483.4275
605332606169282410,1622.1161
28318264,1722.0698
40635367,1693.4789
49444222,1711.9517
48756845,1622.938
2084273,1663.2297
903126479621998105,2620.5205
1014579986735937952,1230.7441
34446877,1619.9745
725580603628565216,1737.4813
28331525,2762.4907
888395632837630091,1558.664
924605295788499108,2796.829
52594124,1674.9318
42843544,2543.502
618433336469061058,1833.8878
33803742,1487.7559
652528955746967643,2322.3982
32044207,1262.7971
988532047627713512,1502.7108
873536889577800875,1719.2086
510948460468405144,1585.8683
30147059,1573.646
26878524,1681.7203
33657678,1713.1699
19035665,1436.479
50200213,1592.6201
798889942621016112,1545.7738
43103070,1384.7261
37215967,1615.8638
966888926897524126,1353.455
38191572,1449.4379
1009672862304504296,2017.4813
572609209433746227,1567.4514
854046532344088446,2010.1727
41688366,1448.1355
694174735980776361,1616.9698
893065206116101081,1621.4398
53282868,1763.6588
882126103963167188,1339.353
30502873,2487.7637
557360388521540150,1513.178
930541445678237295,1562.7766
986515754825534706,1904.3276
17911210,1460.9417
47373270,1703.1067
968816235939033273,1492.4329
27903066,1657.4404
13007169,1649.9109
44317516,1634.2343
42002656,1449.9404
938538528479222423,1528.9358
923208916196239749,2580.2527
654545174431302984,1823.0432
773143001560771560,1773.5833
31445122,1870.9235
539840891599271273,2189.5474
23121835,2514.3003
53675968,2240.1323
22587726,1479.4521
33786053,1754.3263
31128900,1463.3962
618160400027471214,2639.7424
574795430216987558,1412.4362
1024305364321446422,2922.7166
28229609,1560.5547
874607598592266223,2110.817
748524351823698628,2013.777
21701347,1985.5007
1012385,2448.308
45911684,1385.5498
48499335,1836.8937
24658451,1492.3463
51869906,1500.2802
740073787325078758,2584.2808
52086928,2526.0852
24574485,1794.402
960935343000233165,1572.141
14261655,1431.9456
46879080,1339.0011
696702222183409636,1491.8125
48562554,1885.8219
773244868554161175,1255.5112
894210550000758826,1276.3652
37331659,1504.3964
42937545,1744.19
928558980701087563,1477.8129
888379139240892337,1644.2506
15330197,2267.6694
630450878058080908,3321.527
879154002670373999,2717.0884
12853613,1762.8029
6453318,1383.9697
589943890853533309,1637.5835
976362401453839525,1324.7135
909623218753927140,2698.5842
7749728,1452.9313
16026015,1804.5472
845284101352923786,1933.8597
812686032484608574,2514.1143
615502055752548982,1549.8607
679796062201655304,1715.5587
44704769,2786.8079
7921570,1760.5137
33837243,2289.7517
703863098145595811,1674.515
696431875149792945,1255.0334
49611171,2047.6482
23976814,1714.9022
43214742,1585.0165
829079304829825241,1647.509
1141457,1590.8125
968145198508026455,2391.906
53908651,1556.4127
45531528,1663.673
53313118,1775.6958
2675179,2588.336
48846092,1681.6426
969744464140988284,1553.2205
890037419970606150,1276.7573
929673157473474479,1629.2853
797991977818867890,2009.7078
810923330649607464,2119.1018
53130366,2546.1272
848589895535725197,1457.0194
50799718,1649.2903
956436034381611363,1191.7687
3340865,2490.7969
631141582243461534,1594.8936
933515456515658050,1844.4344
38603948,2242.7998
13297246,1735.3622
17494290,1649.533
840610893638940966,1622.5148
46449044,1728.0874
923442041508805358,2309.3813
24718014,1385.4878
1019668851970808846,1258.9219
935038586980817663,1498.6991
638257517892456878,1734.5288
972436673328558056,1474.7827
972444849291136738,1563.7596
685648100565353058,1539.1261
611511432669901937,1611.0679
21550757,1861.127
932887118507573731,1641.7959
30051172,2654.0642
780704802382483693,1606.7526
858636557062356269,2637.7317
968201026280489678,1235.9889
31387750,2569.4744
17738026,2918.5645
827493154825565862,2622.936
32043949,1655.0636
28083134,1310.3033
36036194,1802.3638
11207279,1525.7546
1043785105970341901,1785.2588
888689379025049113,1641.1738
940069738091986089,1327.6592
49496849,1371.4056
992219351762738324,2652.0605
48087568,1508.4296
1032625040159335264,1762.9651
821920671448074191,2120.282
32902275,1485.0328
944206017889618398,2234.7585
3563108,1701.9841
1006158271672848672,1460.0067
767518831556485268,1322.3516
858363910971019719,1717.4141
12336968,2492.1416
53309359,1584.1135
31494152,1791.8856
1005713969110960909,2808.0393
670293369748337563,2479.7805
29780872,1557.823
53344603,3060.7842
686300114488054568,1784.2977
892745209554062365,1348.807
31240187,1323.8423
36480754,2939.8264
913689178509483854,1375.2856
53401445,1269.2738
53726311,1521.6696
52385091,1779.8486
32571178,1438.4117
940922126273706344,2887.7463
1010373029610726119,1749.6642
967472637472188127,1688.2172
44306270,1330.4081
49118691,1631.8677
53817474,2055.9622
52474433,1628.2338
944404458969711180,1693.8494
10946286,1653.4358
853592363607173468,1767.2695
24183433,1796.999
8047959,1447.2391
744976201908379359,1545.8713
28674567,1844.144
591202087897623948,2201.658
22973593,3149.181
924702337739202739,3046.3164
17383030,1763.7988
672978756275835545,2090.0366
909788917277258902,1875.8379
743417639065038420,1329.7341
765299972595687525,2681.672
995880456862146969,1538.9574
11941603,1523.9219
690169984520169423,1611.22
943588257553501001,1430.8221
1037933039686294607,1263.6082
29970776,1331.0458
14595350,1718.8467
850074702335810846,1833.8009
36184209,1507.3357
1043694259400656638,1596.8816
40537372,1888.4971
51388855,1479.2275
47474716,1987.9756
790553076076537355,1760.7872
54283005,1755.5254
841626624357250966,2521.9702
26840662,1443.857
21188818,1647.5547
930386188646732389,2407.4673
1040993480897966249,1184.9315
25074332,1824.2454
1015562996305746436,1480.5022
27514047,1693.67
644390721714287946,1262.6322
43831987,1258.6
853889347583467160,1781.3624
705719018408799994,1768.1587
809769020944802389,1471.3453
866204118838587582,2744.076
768398127667812806,2087.608
6425616,1707.8757
633486950958651716,1719.7505
969929897430359978,1460.012
54366570,2301.87
35922487,2615.4395
311354,2801.9412
913916909699172544,2768.5115
976323374442198239,1324.7135
51320938,1670.6263
5759976,1550.426
608076159232440691,1556.7559
992097956190910605,1453.0228
978295577167464754,1339.5698
29266447,1604.4841
837772775743134643,1488.6295
899203529162158615,2684.9163
36715252,1415.3148
891634053063785993,1513.3171
16458904,1524.6414
920249665610178383,1447.709
53664325,1312.8394
922086786571862390,1513.0378
962913804279248042,2892.555
650607262159929480,2525.1592
44303204,1479.8918
666577632708620176,2469.8723
712249571998973299,1453.2878
851057341643129120,1672.0513
813135493729264472,2935.7263
729242308875289923,1599.9275
28544724,1731.504
1035078706077601688,1686.2747
40177739,2808.045
905844527476556054,1601.556
6990532,1945.7103
31101733,1829.1796
54039081,1749.4476
619021585782094652,1763.2341
576324169204815575,1566.1566
779915751176813089,3001.0427
661711794147012289,1656.1041
36478274,1395.2361
10619943,2870.5322
902085850609535776,1768.0203
25752951,1674.7509
38243837,1469.927
872759139209238330,1670.1589
2709965,1912.9672
7054627,1484.3422
25346154,1566.1295
24396414,1588.828
961826638045297199,1459.9324
27377931,1542.1567
12815958,1591.6177
29236428,1594.233
858817206664004737,1241.2487
911886937414711504,2073.784
830528538990494916,1425.5627
953868647575548852,1461.0537
27314632,1548.817
832673361143481015,1722.1414
38067381,1400.5043
34436113,3245.0684
923245092886010715,2892.7007
30133503,1566.1257
2958786,1581.784
934374947047643891,1466.5411
927653958939762248,1548.5999
23370526,1647.5381
883819612588751590,1838.5422
40634680,2620.9155
53812295,1383.4795
964601331843112625,1266.453
749265621049306621,1726.2045
42069280,1662.9976
47908132,1681.2894
30112138,1329.1024
31646868,1305.5448
800433241339540478,1295.3502
674193493104024393,1552.0869
952142875884116872,1705.7925
45032739,1557.9242
541472859148711343,3081.1875
7679929,1532.3716
995621102835223919,1641.7827
933491626783305779,1884.5173
6134895,2706.4282
35941324,1826.7823
52935965,1659.9991
552199534066642003,1810.5277
866740275981598597,1808.0404
939961285038560811,1439.058
38266089,1660.4283
953864476457366504,1539.7561
976262118849452336,1251.0327
960452988755682370,1677.2903
45626100,1809.425
678321848015350158,1660.2185
872852188124398534,1470.665
681151528493373084,1442.314
865184696356075536,1521.953
45243636,1487.909
1025809278895556122,1240.9863
50287231,1386.4148
22696589,1514.3856
6426269,1594.5831
4493377,1556.4707
961757210706931810,1468.9106
1042182168385771289,1318.875
23020307,1467.0543
975669649038301703,1460.0981
773216148474833083,1587.0254
892758192093887552,2673.9956
54243757,1604.3173
838660821598665306,1538.4912
19094811,1913.5059
1191143,2648.0247
740020164783060026,1632.4592
6416204,1438.4264
36043428,1391.264
653493908624521531,1551.3411
892314920827692115,1907.3915
24755125,2009.0956
21643708,1510.1243
995120739216133478,2275.5508
15481083,1729.1588
42696012,1815.0159
15514194,1465.8588
52496643,2592.4355
51753888,1951.6497
934279591549320726,1469.2806
42896340,1791.8489
24699111,2849.071
29795231,1919.3755
681249158664573887,1514.3486
594560281009631016,1903.1725
943490329235999776,1366.6554
956267866287090390,1695.598
995196087341251849,1678.8488
4856515,1577.3297
751742278545937316,1438.6263
52751384,1671.5651
39985555,1598.4186
762269555352822097,1714.1034
51604803,1386.2074
35089036,1690.3335
31934285,1587.094
21912,1762.7762
751423757365207825,2170.6768
755916944893858507,1833.0554
918165541071668839,2106.3547
18024,1861.1769
898724730066153990,1573.1377
22391348,1556.0536
6660457,1542.7952
881355111685243680,1731.6442
851444520902730746,1770.4601
581913215389516560,2098.1526
942198381109067042,1835.3798
634039127458505827,2560.0862
47054062,1723.5492
955353651684123845,1605.4479
625844667500024063,1713.9862
710837425541630897,1990.4938
954030225758890340,1802.0084
881917024842431156,1541.5094
856831885630423028,2011.3242
952931771957298874,2732.7244
22422543,3015.6355
14555310,1572.1912
846423776304850185,2470.118
45715295,2176.0935
1036018666584943350,1874.6147
687073071466085759,1766.2427
928370823275734824,2800.7205
38847417,1354.4957
48227761,1723.3688
611761422268205294,1715.0839
762337352924239148,1356.7788
18638495,1496.3544
27023757,1450.512
787070840956286074,2604.7676
793625566805364379,1886.3154
829193558827888044,1354.5935
3309313,1925.4167
969710158705702652,1501.205
50330531,1572.168
42097672,2452.8591
698081321110887201,1731.1058
654668434867588387,1284.205
8941830,1968.6588
597765578414885881,1491.6534
52940209,1396.29
677047880782607284,1302.5393
892314474725715239,1454.2355
41958233,1748.0267
957450266512722285,1275.1407
629259683606195319,1470.2076
1092176,1537.6877
23056643,1497.1783
46292342,1585.6864
993523037770138586,1799.072
8736944,3223.9219
782611575046081777,1963.4534
17302474,1500.1249
563115181211622654,1702.8188
968116856616973433,2566.4153
1021290912968953815,1427.8357
14194524,1482.8501
702281737808303979,2448.5012
53338639,2656.9827
780599393228932130,1620.9053
27641406,1537.4146
756871298880801904,1612.7091
18650443,2458.7073
749547956286953697,1405.6978
3168686,1595.826
38977330,1801.6604
40557835,1587.8363
1040106486965970691,1382.735
1000876439117206130,1648.2139
688443968489123584,1686.8923
969653392389060980,1940.2592
903202768637136999,2842.162
11688698,1593.3876
24134940,2679.0083
33687129,1936.4807
862891756653598744,1555.8077
745025767777116821,1575.4957
51747629,1275.7606
48167443,1592.7253
42301804,1383.2485
26160268,1426.67
835784871538797794,1292.7961
36557638,2254.0125
1029826080780454158,1433.771
1006111949856415760,2044.006
3994011,1353.1824
51456497,2033.0952
1029739696773957586,1508.4551
861778263366195328,1588.511
47549583,1289.9364
995998637395824376,1225.5397
27393918,1693.3091
708648709451898433,1849.9828
974033996678481217,1255.2174
50807299,1976.141
27268683,2524.8481
24066913,1800.4684
27561314,1481.4028
639042332403169021,1413.0675
926762637781525027,1485.7427
974565104288695749,1619.8414
913972308748448291,1579.4159
53595567,2514.84
919882207484674798,2265.747
39321923,1625.6906
4630113,1725.3973
49417587,1461.0801
869801239501689123,1477.846
53009047,1259.3109
3812348,1710.0195
1016713565660155853,1239.4697
736116744137852547,2224.5679
771366,1480.0254
28955616,1574.6776
603626814689298469,1468.0784
40180166,1480.3203
40923455,1748.8408
574531787170117608,1731.5392
51248997,1647.4993
748993882666940231,2101.7588
608252515654744309,1576.3011
53230371,1668.2806
42449531,1669.8358
36988462,1893.6313
1016025337079336296,1489.0343
35809857,1887.9176
720901803527787917,1420.492
893875511669747229,1766.4916
28987551,1428.2892
922651416658124004,1776.7252
776514171059457790,1739.1781
52740677,2460.0894
33299354,1600.5083
26801360,1605.5995
7741348,1754.4835
13095272,1608.4225
829564085300659046,1334.0992
735770656582654631,1508.8533
17734782,1848.7834
5638429,1562.5106
17964143,2972.351
24653941,1587.4567
568808881399597264,1504.337
48547310,1660.2905
885855032997487841,1439.3262
3100878,1316.266
954560881599662250,1486.9856
41530441,1767.5276
774867293948514142,1745.0311
750063404491358773,1636.0255
30768655,1716.0001
12213507,1633.5261
637770635296994623,1760.6387
1041627212949511129,1297.8308
51194450,2647.4294
638309253284807578,1707.7769
17611127,2951.0645
993815278064103878,1575.2493
29659260,1329.1516
51018159,1633.9285
636541707361749311,1723.6521
843794414647022682,1535.737
1022662630374435598,1252.968
997243378260024440,1189.6587
976282778777619243,1734.8756
1014577619472409507,1962.8169
1026949339160938352,2319.1301
2966088,2206.4263
994372673953366075,1614.2992
947192833308451119,2433.1228
36615837,1440.1248
41710817,1298.4504
800935892830608949,1682.8191
29902621,1531.5459
6416686,1819.4741
53868586,2161.1282
656052900229080988,1343.93
921098999467417118,1805.7072
4418911,1480.6595
967662702180312646,1572.1737
35091087,1591.3485
44021555,2128.965
12294424,2679.8225
47406734,1724.0409
53421362,1695.7091
3679016,1566.8624
585747588926620776,1664.9193
958675830485818845,2410.9626
679042188518315058,1657.9833
37493589,1759.05
937795357591962024,1255.4794
53531830,2560.5977
898088289157936718,1834.7775
865532956654984560,1517.1879
927505979510017080,1276.3651
744990487628780430,1545.8713
881910130441121868,2539.239
626670584936455248,2078.0547
6692629,1483.4602
695504265229487008,1496.4839
36104697,1414.3126
1043142687866502122,1274.79
1040615604622734234,1503.5493
801024168663683393,1796.1105
1001668494313338968,1511.1952
46372111,1895.6617
52639645,1594.7242
17580870,1599.2521
1005663281001463884,1636.0892
33073432,2515.9126
794280165133001580,2515.0134
906165847219498378,2179.2385
45998307,2441.2224
9237061,1791.5535
6993905,1701.98
28154661,1423.7053
967515496905922725,1259.7081
27837513,1528.3314
1020622742027577613,1255.326
833952751887096562,1266.3788
45941161,1345.0897
782725694993661305,1937.3389
4699429,1756.2644
39511588,1606.3424
54271255,1775.8755
888362047495421930,1579.7322
53026140,1853.154
27257931,1921.8759
1016117395250384714,2407.0708
43533212,2969.1108
971180841745973748,1495.7762
14127036,2626.3455
1011165223778812926,1470.7192
461370,1577.5278
702569746591193300,2495.9204
49469128,1439.0355
613327802223607485,1396.1184
755921598792885202,2047.6803
927517572912592731,1671.9749
28317472,2726.2622
6452450,1487.259
26342358,1961.1516
968103912595228590,1476.6246
894135724044874473,1510.4414
1014463888926310646,1278.6046
32982427,2450.2983
902283687852576357,1639.9164
51476043,1607.6765
781526387244147505,1756.6218
4104870,1767.6512
944976798774137912,2361.1477
13829747,2741.5208
1011109642554622116,1892.0974
43817461,2798.0808
53046207,1646.7286
33340994,1677.9618
9562576,1562.2515
43501445,1314.5216
8743634,1631.7625
45723370,1794.3651
18735027,2193.6367
868105255970935888,2217.4224
8255521,1536.2374
377706,1571.0972
54343169,1671.8647
898079222122228915,1219.9995
711496274723040660,2753.585
694875479872586956,1611.8629
37261304,1567.3544
702079179822599606,1831.0367
759391143392781156,1484.2747
33098749,1555.1375
34874854,1637.912
24413898,2580.391
35304,2318.595
945270589226266186,2077.6213
744961251977035854,1525.9677
39172904,1623.8146
994579254207808808,1787.1079
14607432,2784.817
563248180261220836,1628.6227
36078854,1491.2336
866623099520556575,1540.5195
3342823,1963.2175
940583140519534024,1421.1669
24993810,1496.63
1000013089813316590,2103.18
687627343249251747,1394.1973
21045621,1580.4359
507767,1674.3953
47292724,1927.5486
948032080763257631,1447.5432
680334719746978812,1351.9392
51324665,1814.0217
34343991,1422.9824
45028703,1530.9965
710286970796220640,1417.3447
765210232672973577,3063.8254
1360765,1505.51
726829619548053751,1262.6322
1034146682721688246,1566.3667
679037303886725371,1760.741
34900603,1724.4392
793384773896731046,1521.0321
876124865050413306,1556.3418
14535292,1607.29
682957147160819942,2126.1016
1042103078956150583,1254.4225
711908882319965486,1664.4017
934129539051920012,1667.9625
853607704195379789,1516.175
27738173,1465.0078
659040153442647734,1584.423
896346352678055576,1986.6437
15312395,1543.5483
49093947,1525.355
48611956,1493.7899
1011187750956360185,1498.1492
28053100,1509.04
35869904,1489.7415
803767891405757191,1541.2443
24503070,3169.512
16233697,1340.5115
514444008042828499,2302.3247
23527106,1618.9772
50958386,1692.2382
932904660689998973,2700.3223
732108046088834881,3384.8003
47344582,1788.2034
895820181126266695,1252.3865
908772160503959142,1793.4879
841992855797021992,2038.1523
37209961,1515.6521
28107117,1693.5997
12604369,1737.533
635567434949366572,1725.4485
653231046834017130,2114.2627
732954152878008420,1494.3324
700360486474313397,1693.8243
13659871,2798.6885
897919706570362967,1654.9502
13998682,1545.0555
32312468,1270.0657
47870299,1472.6329
37807603,2952.549
21577211,1808.2451
992180635524620061,1469.2806
714426707514819432,1250.9109
740166355594264154,1891.8823
776888971351739583,2375.708
17195893,2823.2803
757304615588117949,1854.5573
735257994956515880,2255.414
22434983,1488.7764
933384461183132776,2530.5115
35045926,1524.5132
23482505,1534.4625
8252104,1887.5615
964633786107362007,1571.7024
6468462,2944.5042
52820683,1775.4738
569162770621083690,1440.0392
42671966,1692.6113
5631903,1713.9773
671784023252600509,1971.3735
25750741,2857.2065
552948063129239677,1781.41
839056487729299204,2032.8029
27112358,1438.7676
21391849,1645.9552
674621989064636219,1803.3115
42842762,1530.5189
35773343,1735.6316
970439991463445612,1623.4493
54391818,1401.9114
27509280,1458.5509
611761793841869482,1740.1075
705778708633220567,1854.4982
975614034380256893,1279.1481
19408516,3109.317
653111931586097955,1726.6166
943498343696854101,1620.8069
22569894,1286.0846
44016081,2016.043
772625083598946338,1957.8916
963008407445041328,2361.514
54342824,1646.2648
7639521,1725.5048
889157526291436732,1684.3622
1043555010873166927,1263.2902
914828199130851380,1693.4176
44379773,2348.21
42715387,1852.1511
874598062923367204,1412.2023
51217071,2558.1785
855891766061703141,2596.8306
813141036861666339,2266.6997
30557868,1754.9711
979265346950845617,1566.1405
27554125,1653.4684
586527360182677089,1837.9435
24290071,3131.6736
944898960014418599,1467.0294
1936740,1290.1619
11512985,1717.4037
787525129882674319,1243.4447
23274503,1714.1431
1025583851443203174,2740.8972
51445585,1575.9128
770037437586709007,2049.8372
20761423,1842.4467
860078034305335575,1661.2875
9315705,2370.5784
688688410004435455,2227.2356
986615721167826658,1351.1643
40622234,3134.1443
910792504538098550,2812.2944
35614424,1426.9218
953672723424856595,2454.8547
42318659,1463.4844
731298385030157900,1697.3224
777845719535661781,1285.0023
838756003615851523,2485.9458
818776253504919317,1454.2949
5347437,2118.366
1022525123815533284,1551.5635
779192581454708786,1900.9426
686093412015816360,1867.327
956019044286668896,2485.0361
774764042569967907,1245.407
45846446,1534.4851
35582089,2539.2021
937743991553670727,2805.9329
13831080,1475.1002
659986,1853.6284
1011027625250669279,2884.6094
18487637,2739.684
45105289,1551.4825
922048853171442608,2396.0083
26755517,1582.1088
858780834714802319,2995.328
37832713,1416.5334
40483667,1696.1763
988084293034320864,2501.9395
48311778,1746.225
731525183887783714,1685.2404
689768447284830545,2274.177
34068839,1536.5115
8656743,1524.3304
1039837151925950832,1243.1504
13358432,1696.0598
745524390513431446,2623.8298
1022887813151486194,1471.2574
41453394,1921.3602
24918275,1807.3204
54335389,2013.1205
793019747797442593,1619.8273
31178487,2956.3984
38160401,1552.0293
24972517,3081.2915
1003745090356162116,1819.2258
3138351,1525.6615
53989770,1695.5701
18527181,1933.1411
926245977091142008,1518.1019
891523792539994243,1785.6442
883766402448845072,1584.8085
754474494838555627,1774.5033
52922381,1629.0875
870345135525475141,2455.4128
12754577,1396.2234
16302576,1634.5332
1004283782586351397,1531.7922
690166406246340329,1645.5172
1001237630871589276,1255.7021
51435213,1590.1267
679236156119656441,1403.4125
20235568,1555.96
698850712096141475,1757.0393
943727293662506572,1706.1625
562273398233310583,1913.4694
51453218,1580.6355
882820464624804659,1567.7009
715404243365272214,1934.1444
47328611,1709.2948
20586963,1500.6976
658165734146739635,1659.4313
976255006439000780,1251.0327
21913,2311.101
978326620963810661,2240.623
6364673,2042.0785
959529110487453427,1877.4181
1011204750061662371,1683.7074
664084044932877091,2392.3738
46814336,1810.4696
819885558177176872,2202.1528
694857320391184517,1913.3136
937645384668108165,2557.1711
723174972783640817,3013.294
933451668935657101,2480.4521
42743449,2304.455
1018937441498951847,1695.5958
573217195003184747,1509.6033
24448342,2092.368
988652996758441490,1502.1346
877751497644643812,1426.008
866976300595521910,1566.9843
28311114,1376.2404
1006161482028441543,1566.2274
33310791,1789.8905
45347643,1722.8373
802927388053524873,1651.5748
22310305,2265.6248
924246213244772259,1499.729
894928248932291492,1967.3037
28227836,1752.9666
1005769316812466951,2555.8928
47095909,1929.6676
21853186,3088.428
788529677978865032,1562.8108
1003224578872304385,1464.4749
15648459,1428.572
12798674,1680.9784
50092099,2559.5237
51468414,2204.3076
15008574,1541.1523
248014,2820.533
892832608717740339,1422.0603
448104,1501.8499
1000292418610835657,1254.4225
551448362493059866,1480.3846
21140065,1573.6387
953837293304150686,1611.4243
34538696,1664.0946
37687267,1351.505
34929386,3161.3057
40904332,1289.5226
906495487858698325,1769.1362
871938222700272619,1645.8524
703167656545973227,1662.533
125176,1758.1099
546992172231995022,2705.8694
755558,1578.7441
22505866,1346.8638
44181633,1758.126
814537539514681800,1444.9344
3971726,1496.8337
39954476,1576.9473
50092727,2825.4824
931366114493009795,1771.1746
36005894,1481.1241
21163623,1632.5248
995975121236852447,1445.7365
755885807689048946,1585.9404
749925573670595678,1627.9763
51465302,1695.2207
1021355010951172752,1264.3599
842375989109963840,1637.6671
34179989,1598.3608
48258110,1822.9436
50007462,1669.6381
851553094309845658,1880.0464
881866425095040351,2383.5903
753809687233713202,2334.596
4588807,1514.1296
945911324848298814,2137.7876
766977627250888021,2224.9856
41696939,2338.243
838836701465376791,1933.9026
52202007,2084.9707
46549009,1895.801
1034111161307090550,1501.1538
749463145258836431,1432.1785
832137825019254833,1669.0392
865249520880072777,1578.9473
874633861077921368,1775.9281
1042285463819910552,1297.8308
14831562,1618.0094
805064294975438980,1705.9507
903155509561260454,1861.0713
5761885,1774.5377
5961772,1434.2487
39966440,1683.3048
52477526,1258.6
50882256,2484.845
50645581,1673.4244
54054764,1642.2668
15041985,1413.8126
921788305000768403,1685.1536
681977772633720398,2579.9875
715315237221795674,1950.7169
4318059,1463.8269
18416795,1384.133
22032043,1650.8206
40160433,1531.7489
21281197,1470.2646
873347642082088860,1288.9486
42720667,1602.697
880607026059023784,1642.1498
4679955,2641.0896
19946831,1699.8198
968207932749862784,1449.5995
925648624985397790,1754.1705
933503883855879047,2495.6064
28220710,1478.5393
1019844928155516711,1776.1223
858609833316364347,2374.732
1000252377362444636,2247.4631
35572828,1541.8875
679251094277265342,1727.8995
54163567,1773.0973
831887238207567105,1273.3085
32587632,1807.073
41113261,1539.5784
29548839,1550.422
42202219,1429.362
33288404,1808.6923
681208131918140413,1459.8955
849324342182298761,1772.2963
28604839,1571.5819
29765542,1986.3251
43606103,1548.6616
23205966,1957.9467
827768631980392538,1582.1947
1995592,1811.8855
52706178,1674.4331
829276983804768957,2535.132
720212490867839664,1768.2513
585568481664319320,2246.7363
674891436783527030,1579.6245
979115090468996112,1463.0339
627789510779552820,1801.3442
14112559,1606.1093
961006,1613.8849
26574530,1692.3359
887967136695027458,2538.9636
37130562,1674.8887
949683989024178012,1886.0469
46802773,1885.5708
2532975,1774.2174
49215656,1644.302
9761890,3318.457
1020468885295007329,1595.9172
937985466918948775,1641.444
713049769583561030,1353.756
18773655,2350.2952
35493651,1773.9166
759718085882883202,1591.6351
23559355,1689.7107
18809180,1544.8948
23631177,1420.6082
19050386,1618.8684
36007371,1722.0176
892121509051430866,1648.0582
1040964779164833733,2067.7854
1008752347711818081,1235.5642
25193115,1660.8008
25080824,3133.7776
958238894237639823,1282.0278
756733561202282784,2685.1074
739998589335684219,1805.6111
575441480842553082,1627.3304
52269475,1690.1375
829783053362364517,2848.5771
53204972,1675.8059
22251747,1440.2147
732862632185724337,1733.0554
772518170946106661,1532.0563
7027063,1464.9493
51985429,1573.6593
15161567,1813.1294
2997414,1689.074
26756317,1578.9825
765954895505819490,1280.5247
8685139,1480.9741
680466458223299651,1990.9873
843789431473187496,1514.5828
19805434,1783.9293
39991541,1474.0219
25521321,1592.5642
1027961088845910273,1351.0793
1010341736303527888,1497.6349
999302847719165315,1612.8401
572359625603226701,1622.018
1365609,1554.5917
582833790411644565,1837.5996
960162769816303180,2186.2822
963934821067372815,1695.5361
52708672,1561.2192
1006621523563827818,1469.2806
50780994,1853.3525
901719065426958617,1348.4698
1018239809258742149,1346.8018
2163742,1375.7114
35466121,2757.0757
612209813935397709,1509.8845
1022823775402664295,2258.4573
975995957512179640,1302.3947
989776083447399183,2156.022
1038642795987491666,1242.9832
1026850572883997693,1240.9863
969708925511036055,2980.0105
32420319,1531.6229
1038413325241000258,2771.5508
966221396225646994,1543.0687
18769488,1539.6805
10541223,1718.8766
